{"cameraMode":{"drawMode":0,"name":"Shaded","section":"Shading Mode"},"sceneLighting":true,"audioPlay":false,"sceneViewState":{"showFog":true,"showMaterialUpdate":true,"showSkybox":true,"showFlares":true,"showImageEffects":true,"showParticleSystems":true},"in2DMode":false,"pivot":{"x":647.0227661132813,"y":15.359573364257813,"z":288.98455810546877},"rotation":{"x":-0.09765349328517914,"y":-0.002391544636338949,"z":0.00023441574012394994,"w":-0.9952189922332764},"size":383.807373046875,"orthographic":false}