{"cameraMode":{"drawMode":0,"name":"Shaded","section":"Shading Mode"},"sceneLighting":false,"audioPlay":false,"sceneViewState":{"showFog":true,"showMaterialUpdate":true,"showSkybox":false,"showFlares":true,"showImageEffects":true,"showParticleSystems":true},"in2DMode":false,"pivot":{"x":0.30573582649230959,"y":-9.357488632202149,"z":19.688274383544923},"rotation":{"x":-0.22721683979034425,"y":0.06916980445384979,"z":-0.016181787475943567,"w":-0.9712501764297485},"size":16.72675323486328,"orthographic":false}