{"cameraMode":{"drawMode":0,"name":"Shaded","section":"Shading Mode"},"sceneLighting":true,"audioPlay":false,"sceneViewState":{"showFog":true,"showMaterialUpdate":true,"showSkybox":true,"showFlares":true,"showImageEffects":true,"showParticleSystems":true},"in2DMode":false,"pivot":{"x":681.9541015625,"y":544.9080810546875,"z":258.17626953125},"rotation":{"x":-0.09713257104158402,"y":-0.19954630732536317,"z":0.01988207921385765,"w":-0.974861204624176},"size":522.0960083007813,"orthographic":false}