{"cameraMode":{"drawMode":0,"name":"Shaded","section":"Shading Mode"},"sceneLighting":false,"audioPlay":false,"sceneViewState":{"showFog":true,"showMaterialUpdate":true,"showSkybox":false,"showFlares":true,"showImageEffects":true,"showParticleSystems":true},"in2DMode":false,"pivot":{"x":-0.41730308532714846,"y":0.5983877182006836,"z":22.150480270385743},"rotation":{"x":-0.17494021356105805,"y":0.6672902703285217,"z":-0.16563978791236878,"w":-0.7047577500343323},"size":14.326886177062989,"orthographic":false}