{"cameraMode":{"drawMode":0,"name":"Shaded","section":"Shading Mode"},"sceneLighting":false,"audioPlay":false,"sceneViewState":{"showFog":true,"showMaterialUpdate":true,"showSkybox":false,"showFlares":true,"showImageEffects":true,"showParticleSystems":true},"in2DMode":false,"pivot":{"x":-3.1186933517456056,"y":1.389884352684021,"z":13.511946678161621},"rotation":{"x":-0.14721067249774934,"y":0.11750277131795883,"z":-0.01761585660278797,"w":-0.9819427728652954},"size":9.132447242736817,"orthographic":false}