{"cameraMode":{"drawMode":0,"name":"Shaded","section":"Shading Mode"},"sceneLighting":false,"audioPlay":false,"sceneViewState":{"showFog":true,"showMaterialUpdate":true,"showSkybox":false,"showFlares":true,"showImageEffects":true,"showParticleSystems":true},"in2DMode":false,"pivot":{"x":-7.365708351135254,"y":-3.1419284343719484,"z":14.44462776184082},"rotation":{"x":-0.17804062366485597,"y":0.2711927890777588,"z":-0.05111870542168617,"w":-0.9445335865020752},"size":10.550225257873536,"orthographic":false}